0;6.0 -15.525400161743164
1;-19.0 -0.5008180141448975
2;30.0 -32.553199768066406
3;25.0 -14.523699760437012
4;-22.0 14.523699760437012
5;-14.0 39.56460189819336
6;-19.0 33.5547981262207
7;53.0 -11.518799781799316
8;-9.0 11.518799781799316
9;32.0 3.505729913711548
10;37.0 9.515549659729004
11;-12.0 32.553199768066406
12;37.0 -16.527000427246094
13;46.0 -19.53190040588379
14;49.0 3.505729913711548
15;31.0 -19.53190040588379
16;80.0 -21.535200119018555
17;55.0 10.517200469970703
18;94.0 23.53849983215332
19;2.0 17.528600692749023
20;25.0 11.518799781799316
21;-13.0 14.523699760437012
22;-61.0 16.527000427246094
23;-21.0 -7.512269973754883
24;20.0 31.551599502563477
25;-17.0 -5.508999824523926
26;3.0 8.513910293579102
27;41.0 53.58760070800781
28;0.0 60.5989990234375
29;27.0 5.508999824523926
30;-55.0 54.58919906616211
31;74.0 -45.574501037597656
32;36.0 -52.585899353027344
33;-36.0 28.546600341796875
34;8.0 -7.512269973754883
35;93.0 35.558101654052734
36;-21.0 28.546600341796875
37;64.0 6.5106401443481445
38;30.0 -3.505729913711548
39;49.0 24.54010009765625
40;40.0 -1.5024499893188477
41;47.0 -28.546600341796875
42;43.0 -13.522100448608398
43;0.0 23.53849983215332
44;25.0 30.54990005493164
45;19.0 -30.54990005493164
46;43.0 -33.5547981262207
47;77.0 24.54010009765625
48;39.0 31.551599502563477
49;-39.0 7.512269973754883
50;-14.0 26.543399810791016
51;-26.0 37.5614013671875
52;-33.0 29.54829978942871
53;-6.0 -40.56629943847656
54;-23.0 18.53030014038086
55;10.0 25.54170036315918
56;-33.0 -0.5008180141448975
57;55.0 -14.523699760437012
58;15.0 -17.528600692749023
59;3.0 18.53030014038086
60;-1.0 36.55970001220703
61;-23.0 20.533599853515625
62;61.0 17.528600692749023
63;51.0 -22.536800384521484
64;-15.0 16.527000427246094
65;54.0 24.54010009765625
66;14.0 11.518799781799316
67;6.0 5.508999824523926
68;90.0 -25.54170036315918
69;-39.0 12.520500183105469
70;-28.0 -4.507359981536865
71;-4.0 18.53030014038086
72;-30.0 4.507359981536865
73;65.0 -9.515549659729004
74;82.0 -2.5040900707244873
75;3.0 10.517200469970703
76;15.0 -1.5024499893188477
77;82.0 11.518799781799316
78;-20.0 39.56460189819336
79;30.0 24.54010009765625
80;11.0 87.64320373535156
81;9.0 32.553199768066406
82;-4.0 -14.523699760437012
83;23.0 -4.507359981536865
84;65.0 1.5024499893188477
85;16.0 39.56460189819336
86;-21.0 3.505729913711548
87;46.0 32.553199768066406
88;-37.0 12.520500183105469
89;-2.0 -6.5106401443481445
90;30.0 18.53030014038086
91;84.0 -40.56629943847656
92;17.0 16.527000427246094
93;76.0 32.553199768066406
94;21.0 -22.536800384521484
95;-9.0 -3.505729913711548
96;-33.0 11.518799781799316
97;60.0 -19.53190040588379
98;50.0 -45.574501037597656
99;33.0 50.58259963989258
100;41.0 -49.58100128173828
101;32.0 60.5989990234375
102;-64.0 42.56959915161133
103;85.0 -34.55649948120117
104;84.0 44.57279968261719
105;-36.0 54.58919906616211
106;7.0 14.523699760437012
107;57.0 7.512269973754883
108;-5.0 29.54829978942871
109;-8.0 5.508999824523926
110;-36.0 -40.56629943847656
111;-62.0 28.546600341796875
112;-55.0 29.54829978942871
113;-68.0 10.517200469970703
114;63.0 -68.61209869384766
115;17.0 -8.513910293579102
116;38.0 17.528600692749023
117;95.0 -41.567901611328125
118;101.0 -27.545000076293945
119;103.0 5.508999824523926
120;91.0 5.508999824523926
121;132.0 17.528600692749023
122;-92.0 67.6104965209961
123;94.0 -7.512269973754883
124;-42.0 47.577701568603516
125;62.0 37.5614013671875
126;-74.0 32.553199768066406
127;-61.0 48.57939910888672
128;69.0 -36.55970001220703
129;-52.0 46.57609939575195
130;48.0 -58.595699310302734
131;49.0 61.60070037841797
132;-52.0 38.5629997253418
133;45.0 15.525400161743164
134;98.0 -2.5040900707244873
135;84.0 31.551599502563477
136;-7.0 37.5614013671875
137;-5.0 93.65299987792969
138;19.0 102.66799926757812
139;48.0 99.66280364990234
140;-20.0 90.64810180664062
141;9.0 95.65630340576172
142;24.0 92.65139770507812
143;31.0 93.65299987792969
144;-9.0 100.66400146484375
145;69.0 59.5974006652832
146;55.0 17.528600692749023
147;79.0 -30.54990005493164
148;104.0 17.528600692749023
149;87.0 49.58100128173828
150;51.0 0.5008180141448975
151;71.0 -67.6104965209961
152;14.0 9.515549659729004
153;16.0 24.54010009765625
154;43.0 -9.515549659729004
155;31.0 35.558101654052734
156;83.0 -55.59080123901367
157;61.0 63.60390090942383
158;45.0 9.515549659729004
159;86.0 -13.522100448608398
160;96.0 -95.65630340576172
161;13.0 55.59080123901367
162;-74.0 41.567901611328125
163;93.0 -35.558101654052734
164;-25.0 1.5024499893188477
165;48.0 -5.508999824523926
166;104.0 -19.53190040588379
167;-31.0 21.535200119018555
168;-110.0 45.574501037597656
169;87.0 78.62850189208984
170;-115.0 60.5989990234375
171;-113.0 32.553199768066406
172;-123.0 53.58760070800781
173;-117.0 39.56460189819336
174;26.0 54.58919906616211
175;34.0 -7.512269973754883
176;-27.0 28.546600341796875
177;39.0 -28.546600341796875
178;-11.0 22.536800384521484
179;31.0 -24.54010009765625
180;23.0 19.53190040588379
181;21.0 4.507359981536865
182;-68.0 19.53190040588379
183;-40.0 -49.58100128173828
184;-27.0 -60.5989990234375
185;-32.0 -56.592498779296875
186;-22.0 -69.61370086669922
187;-9.0 -65.6072006225586
188;-44.0 -59.5974006652832
189;-53.0 -37.5614013671875
190;-15.0 -66.60880279541016
191;-42.0 -73.62030029296875
192;-29.0 -66.60880279541016
193;-45.0 -42.56959915161133
194;-62.0 -35.558101654052734
195;-2.0 -69.61370086669922
196;-29.0 -74.62190246582031
197;-39.0 -57.59410095214844
198;-49.0 -47.577701568603516
199;-4.0 -62.602298736572266
200;-37.0 -66.60880279541016
201;-50.0 -56.592498779296875
202;-33.0 -46.57609939575195
203;-13.0 -86.6416015625
204;-13.0 -58.595699310302734
205;-60.0 -44.57279968261719
206;-27.0 -50.58259963989258
207;3.0 -78.62850189208984
208;-78.0 -37.5614013671875
209;-7.0 -73.62030029296875
210;-13.0 -74.62190246582031
211;-22.0 -54.58919906616211
212;-116.0 53.58760070800781
213;-115.0 72.61869812011719
214;-120.0 58.595699310302734
215;-117.0 65.6072006225586
216;-123.0 39.56460189819336
217;-99.0 78.62850189208984
218;-110.0 79.63009643554688
219;-107.0 64.60559844970703
220;66.0 80.63179779052734
221;-104.0 79.63009643554688
222;73.0 -80.63179779052734
223;-116.0 46.57609939575195
224;-116.0 25.54170036315918
225;77.0 -62.602298736572266
226;99.0 31.551599502563477
227;62.0 45.574501037597656
228;100.0 -80.63179779052734
229;124.0 -48.57939910888672
230;149.0 -5.508999824523926
231;103.0 -96.65789794921875
232;155.0 -1.5024499893188477
233;131.0 -1.5024499893188477
234;155.0 -12.520500183105469
235;110.0 -67.6104965209961
236;142.0 -55.59080123901367
237;114.0 -66.60880279541016
238;106.0 -76.62519836425781
239;116.0 -91.64969635009766
240;102.0 -87.64320373535156
241;120.0 -45.574501037597656
242;120.0 -72.61869812011719
243;128.0 -40.56629943847656
244;146.0 0.5008180141448975
245;124.0 -79.63009643554688
246;109.0 -95.65630340576172
247;111.0 -85.63990020751953
248;132.0 -55.59080123901367
249;115.0 -79.63009643554688
250;126.0 -60.5989990234375
251;134.0 -26.543399810791016
252;119.0 -85.63990020751953
253;148.0 28.546600341796875
254;134.0 -48.57939910888672
255;134.0 -37.5614013671875
256;151.0 35.558101654052734
257;135.0 2.5040900707244873
258;93.0 66.60880279541016
259;94.0 -16.527000427246094
260;-13.0 -11.518799781799316
261;-74.0 16.527000427246094
262;-99.0 119.69599914550781
263;-108.0 136.72300720214844
264;62.0 119.69599914550781
265;-12.0 133.71800231933594
266;-100.0 135.7220001220703
267;39.0 149.7449951171875
268;78.0 155.7550048828125
269;88.0 150.74600219726562
270;61.0 131.71499633789062
271;86.0 130.71400451660156
272;71.0 138.7270050048828
273;80.0 141.73199462890625
274;50.0 167.7740020751953
275;61.0 171.781005859375
276;60.0 160.76300048828125
277;68.0 131.71499633789062
278;59.0 151.7480010986328
279;75.0 159.76100158691406
280;77.0 128.7100067138672
281;74.0 151.7480010986328
282;62.0 139.72799682617188
283;66.0 153.75100708007812
284;68.0 125.70500183105469
285;93.0 138.7270050048828
286;89.0 143.73500061035156
287;67.0 143.73500061035156
288;-112.0 117.69200134277344
289;-94.0 136.72300720214844
290;-89.0 115.68900299072266
291;68.0 183.8000030517578
292;76.0 117.69200134277344
293;71.0 113.68599700927734
294;90.0 114.68699645996094
295;34.0 177.7899932861328
296;92.0 104.6709976196289
297;86.0 137.72500610351562
298;-85.0 106.67400360107422
299;102.0 107.6760025024414
300;97.0 114.68699645996094
301;110.0 118.69400024414062
302;100.0 129.71200561523438
303;109.0 106.67400360107422
304;112.0 113.68599700927734
305;103.0 118.69400024414062
306;-45.0 117.69200134277344
307;103.0 137.72500610351562
308;-75.0 126.70700073242188
309;-64.0 164.7689971923828
310;1.0 155.7550048828125
311;-62.0 128.7100067138672
312;14.0 182.7989959716797
313;-5.0 126.70700073242188
314;-2.0 142.73300170898438
315;-21.0 127.70899963378906
316;4.0 177.7899932861328
317;48.0 134.72000122070312
318;-2.0 4.507359981536865
319;69.0 51.58430099487305
320;38.0 22.536800384521484
321;144.0 23.53849983215332
322;135.0 -17.528600692749023
323;138.0 -10.517200469970703
324;154.0 -20.533599853515625
325;140.0 10.517200469970703
326;153.0 7.512269973754883
327;148.0 17.528600692749023
328;147.0 -27.545000076293945
329;-77.0 24.54010009765625
330;108.0 66.60880279541016
331;112.0 58.595699310302734
332;138.0 38.5629997253418
333;-8.0 78.62850189208984
334;16.0 83.63670349121094
335;136.0 72.61869812011719
336;101.0 73.62030029296875
337;-21.0 77.62680053710938
338;112.0 47.577701568603516
339;11.0 80.63179779052734
340;144.0 54.58919906616211
341;144.0 68.61209869384766
342;130.0 48.57939910888672
343;-1.0 79.63009643554688
344;102.0 85.63990020751953
345;118.0 36.55970001220703
346;142.0 47.577701568603516
347;145.0 83.63670349121094
348;132.0 57.59410095214844
349;128.0 31.551599502563477
350;122.0 79.63009643554688
351;147.0 49.58100128173828
352;124.0 24.54010009765625
353;125.0 11.518799781799316
354;136.0 31.551599502563477
355;106.0 78.62850189208984
356;123.0 67.6104965209961
357;147.0 59.5974006652832
358;122.0 53.58760070800781
359;126.0 -6.5106401443481445
360;134.0 67.6104965209961
361;117.0 53.58760070800781
362;130.0 77.62680053710938
363;53.0 -68.61209869384766
364;-121.0 33.5547981262207
365;-124.0 47.577701568603516
366;-108.0 70.61540222167969
367;-167.0 62.602298736572266
368;-166.0 93.65299987792969
369;-104.0 35.558101654052734
370;1.0 42.56959915161133
371;49.0 45.574501037597656
372;39.0 59.5974006652832
373;18.0 58.595699310302734
374;-34.0 22.536800384521484
375;-63.0 -82.63500213623047
376;-60.0 -97.65959930419922
377;-24.0 -103.66899871826172
378;-55.0 -90.64810180664062
379;-33.0 -106.67400360107422
380;-38.0 -87.64320373535156
381;-59.0 -70.61540222167969
382;-54.0 -75.62359619140625
383;-72.0 -68.61209869384766
384;-17.0 -105.6729965209961
385;-52.0 -82.63500213623047
386;20.0 -103.66899871826172
387;-65.0 -90.64810180664062
388;-64.0 -62.602298736572266
389;39.0 83.63670349121094
390;-74.0 -87.64320373535156
391;-143.0 91.64969635009766
392;-21.0 -77.62680053710938
393;-56.0 -50.58259963989258
394;-26.0 -95.65630340576172
395;-52.0 -102.66799926757812
396;-70.0 -103.66899871826172
397;-39.0 -107.6760025024414
398;-12.0 -98.66120147705078
399;8.0 -99.66280364990234
400;-71.0 -60.5989990234375
401;-74.0 -54.58919906616211
402;-43.0 -96.65789794921875
403;-46.0 -89.64649963378906
404;-47.0 -108.6780014038086
405;-34.0 -96.65789794921875
406;-14.0 -113.68599700927734
407;-7.0 -124.7040023803711
408;29.0 -101.66600036621094
409;1.0 -114.68699645996094
410;13.0 -94.65470123291016
411;192.0 -67.6104965209961
412;10.0 -105.6729965209961
413;23.0 -96.65789794921875
414;33.0 -111.68199920654297
415;9.0 -117.69200134277344
416;3.0 -107.6760025024414
417;14.0 -111.68199920654297
418;21.0 -113.68599700927734
419;-5.0 -110.68099975585938
420;-87.0 -62.602298736572266
421;-97.0 -55.59080123901367
422;-89.0 -68.61209869384766
423;-96.0 -45.574501037597656
424;-118.0 -29.54829978942871
425;-89.0 -52.585899353027344
426;-104.0 -28.546600341796875
427;-89.0 -39.56460189819336
428;-104.0 -36.55970001220703
429;-106.0 -20.533599853515625
430;-100.0 -45.574501037597656
431;-84.0 -49.58100128173828
432;-95.0 -36.55970001220703
433;-96.0 -29.54829978942871
434;-167.0 54.58919906616211
435;-149.0 100.66400146484375
436;-164.0 65.6072006225586
437;-156.0 103.66899871826172
438;-152.0 94.65470123291016
439;-161.0 75.62359619140625
440;175.0 -56.592498779296875
441;194.0 -20.533599853515625
442;-45.0 165.77099609375
443;193.0 32.553199768066406
444;157.0 27.545000076293945
445;173.0 -100.66400146484375
446;180.0 -39.56460189819336
447;169.0 -63.60390090942383
448;189.0 -45.574501037597656
449;144.0 -108.6780014038086
450;144.0 -116.69100189208984
451;137.0 -118.69400024414062
452;183.0 -15.525400161743164
453;152.0 -92.65139770507812
454;155.0 -101.66600036621094
455;172.0 -74.62190246582031
456;183.0 -33.5547981262207
457;161.0 -109.67900085449219
458;196.0 -43.57120132446289
459;182.0 -20.533599853515625
460;184.0 -3.505729913711548
461;151.0 -121.6989974975586
462;165.0 -91.64969635009766
463;167.0 -101.66600036621094
464;184.0 8.513910293579102
465;137.0 -127.70899963378906
466;196.0 -1.5024499893188477
467;165.0 -75.62359619140625
468;155.0 -116.69100189208984
469;189.0 -10.517200469970703
470;172.0 -91.64969635009766
471;172.0 -83.63670349121094
472;144.0 -125.70500183105469
473;147.0 -102.66799926757812
474;180.0 -40.56629943847656
475;152.0 -111.68199920654297
476;158.0 -91.64969635009766
477;190.0 46.57609939575195
478;193.0 26.543399810791016
479;177.0 75.62359619140625
480;191.0 42.56959915161133
481;200.0 44.57279968261719
482;188.0 77.62680053710938
483;183.0 -69.61370086669922
484;178.0 -50.58259963989258
485;179.0 58.595699310302734
486;158.0 77.62680053710938
487;-56.0 91.64969635009766
488;156.0 92.65139770507812
489;135.0 99.66280364990234
490;162.0 96.65789794921875
491;161.0 84.63829803466797
492;-81.0 92.65139770507812
493;-70.0 92.65139770507812
494;75.0 49.58100128173828
495;-71.0 25.54170036315918
496;68.0 -59.5974006652832
497;-125.0 151.7480010986328
498;-143.0 142.73300170898438
499;93.0 125.70500183105469
500;108.0 125.70500183105469
501;-54.0 230.8769989013672
502;-142.0 174.78599548339844
503;-140.0 152.75
504;-129.0 158.75900268554688
505;-150.0 138.7270050048828
506;-126.0 175.78700256347656
507;-119.0 185.8040008544922
508;-134.0 146.74000549316406
509;62.0 192.81500244140625
510;54.0 197.822998046875
511;-111.0 197.822998046875
512;8.0 226.87100219726562
513;72.0 193.81700134277344
514;-5.0 229.87600708007812
515;-116.0 177.7899932861328
516;-17.0 234.88400268554688
517;-120.0 167.7740020751953
518;39.0 204.8350067138672
519;84.0 196.82200622558594
520;-159.0 156.75599670410156
521;-127.0 188.8090057373047
522;-159.0 151.7480010986328
523;-167.0 144.73599243164062
524;-142.0 164.7689971923828
525;-150.0 151.7480010986328
526;-164.0 136.72300720214844
527;-41.0 234.88400268554688
528;-149.0 168.7760009765625
529;-158.0 139.72799682617188
530;-136.0 180.7949981689453
531;-152.0 160.76300048828125
532;-100.0 124.7040023803711
533;-97.0 108.6780014038086
534;86.0 120.6969985961914
535;-102.0 112.68399810791016
536;80.0 107.6760025024414
537;85.0 110.68099975585938
538;68.0 151.7480010986328
539;45.0 179.79400634765625
540;-90.0 126.70700073242188
541;-30.0 136.72300720214844
542;114.0 180.7949981689453
543;140.0 140.72999572753906
544;111.0 161.76400756835938
545;124.0 146.74000549316406
546;143.0 148.7429962158203
547;104.0 167.7740020751953
548;130.0 140.72999572753906
549;105.0 182.7989959716797
550;109.0 174.78599548339844
551;115.0 168.7760009765625
552;119.0 154.7530059814453
553;92.0 190.81199645996094
554;140.0 132.7169952392578
555;23.0 164.7689971923828
556;101.0 187.8070068359375
557;119.0 160.76300048828125
558;91.0 180.7949981689453
559;101.0 173.78399658203125
560;133.0 135.7220001220703
561;97.0 178.79200744628906
562;143.0 126.70700073242188
563;126.0 153.75100708007812
564;149.0 138.7270050048828
565;136.0 154.7530059814453
566;74.0 143.73500061035156
567;149.0 130.71400451660156
568;134.0 148.7429962158203
569;121.0 174.78599548339844
570;130.0 161.76400756835938
571;126.0 167.7740020751953
572;-48.0 126.70700073242188
573;43.0 199.82699584960938
574;-63.0 111.68199920654297
575;-55.0 202.83099365234375
576;-50.0 215.85299682617188
577;-74.0 150.74600219726562
578;-29.0 131.71499633789062
579;-13.0 163.76800537109375
580;-88.0 192.81500244140625
581;-78.0 198.8249969482422
582;-46.0 144.73599243164062
583;-65.0 138.7270050048828
584;-12.0 144.73599243164062
585;-42.0 197.822998046875
586;-93.0 145.73800659179688
587;-59.0 152.75
588;-60.0 37.5614013671875
589;82.0 -48.57939910888672
590;64.0 -45.574501037597656
591;95.0 13.522100448608398
592;-68.0 35.558101654052734
593;53.0 51.58430099487305
594;182.0 84.63829803466797
595;161.0 -81.6333999633789
596;189.0 18.53030014038086
597;185.0 73.62030029296875
598;161.0 -102.66799926757812
599;202.0 28.546600341796875
600;175.0 -67.6104965209961
601;201.0 20.533599853515625
602;174.0 97.65959930419922
603;-155.0 90.64810180664062
604;-160.0 80.63179779052734
605;-162.0 87.64320373535156
606;-161.0 58.595699310302734
607;-158.0 79.63009643554688
608;-168.0 69.61370086669922
609;-168.0 82.63500213623047
610;-168.0 72.61869812011719
611;-146.0 109.67900085449219
612;-151.0 107.6760025024414
613;-159.0 96.65789794921875
614;-133.0 110.68099975585938
615;-157.0 68.61209869384766
616;-69.0 47.577701568603516
617;-150.0 84.63829803466797
618;-95.0 58.595699310302734
619;-99.0 46.57609939575195
620;-80.0 71.61699676513672
621;5.0 -22.536800384521484
622;113.0 75.62359619140625
623;122.0 -28.546600341796875
624;123.0 42.56959915161133
625;110.0 -56.592498779296875
626;58.0 -4.507359981536865
627;-30.0 9.515549659729004
628;14.0 -29.54829978942871
629;-105.0 55.59080123901367
630;-100.0 69.61370086669922
631;-142.0 102.66799926757812
632;-152.0 77.62680053710938
633;-133.0 103.66899871826172
634;26.0 -43.57120132446289
635;-192.0 115.68900299072266
636;87.0 -129.71200561523438
637;-104.0 -99.66280364990234
638;-37.0 -135.7220001220703
639;-9.0 -143.73500061035156
640;-50.0 -135.7220001220703
641;-104.0 -83.63670349121094
642;-37.0 -163.76800537109375
643;-91.0 -140.72999572753906
644;-98.0 -155.7550048828125
645;-53.0 -162.76600646972656
646;-101.0 -154.7530059814453
647;-97.0 -134.72000122070312
648;-57.0 -156.75599670410156
649;-66.0 -154.7530059814453
650;-101.0 -141.73199462890625
651;-24.0 -113.68599700927734
652;-75.0 -123.7020034790039
653;-58.0 -141.73199462890625
654;-64.0 -164.7689971923828
655;-61.0 -148.7429962158203
656;-67.0 -136.72300720214844
657;-78.0 -132.7169952392578
658;-76.0 -134.72000122070312
659;-64.0 -130.71400451660156
660;-87.0 -121.6989974975586
661;-107.0 -132.7169952392578
662;-82.0 -163.76800537109375
663;232.0 -16.527000427246094
664;-74.0 -158.75900268554688
665;-115.0 -136.72300720214844
666;-74.0 -151.7480010986328
667;-88.0 -147.74099731445312
668;8.0 -145.73800659179688
669;31.0 -150.74600219726562
670;33.0 -142.73300170898438
671;-1.0 -143.73500061035156
672;24.0 -141.73199462890625
673;-55.0 -126.70700073242188
674;-44.0 -169.77699279785156
675;-39.0 -142.73300170898438
676;15.0 -151.7480010986328
677;-44.0 -156.75599670410156
678;-29.0 -144.73599243164062
679;33.0 -161.76400756835938
680;47.0 -150.74600219726562
681;-23.0 -152.75
682;41.0 -141.73199462890625
683;-47.0 -147.74099731445312
684;46.0 -133.71800231933594
685;26.0 -158.75900268554688
686;-5.0 -150.74600219726562
687;-17.0 -167.7740020751953
688;-1.0 -180.7949981689453
689;8.0 -157.75799560546875
690;-15.0 -154.7530059814453
691;-6.0 -165.77099609375
692;23.0 -172.78199768066406
693;-10.0 -162.76600646972656
694;3.0 -169.77699279785156
695;19.0 -162.76600646972656
696;32.0 -172.78199768066406
697;13.0 -175.78700256347656
698;27.0 -166.77200317382812
699;77.0 -149.7449951171875
700;183.0 -79.63009643554688
701;150.0 -42.56959915161133
702;195.0 -33.5547981262207
703;191.0 -125.70500183105469
704;231.0 39.56460189819336
705;187.0 -145.73800659179688
706;-65.0 -74.62190246582031
707;-4.0 -98.66120147705078
708;-75.0 -77.62680053710938
709;-19.0 -61.60070037841797
710;-23.0 -161.76400756835938
711;-13.0 -172.78199768066406
712;39.0 -150.74600219726562
713;68.0 -155.7550048828125
714;59.0 -148.7429962158203
715;38.0 -167.7740020751953
716;55.0 -156.75599670410156
717;76.0 -141.73199462890625
718;92.0 -138.7270050048828
719;47.0 -159.76100158691406
720;52.0 -169.77699279785156
721;64.0 -140.72999572753906
722;46.0 -170.7790069580078
723;56.0 -134.72000122070312
724;83.0 -136.72300720214844
725;14.0 -163.76800537109375
726;85.0 -145.73800659179688
727;-35.0 -150.74600219726562
728;-32.0 -159.76100158691406
729;52.0 -140.72999572753906
730;80.0 -125.70500183105469
731;42.0 -160.76300048828125
732;55.0 -127.70899963378906
733;68.0 -145.73800659179688
734;-25.0 -139.72799682617188
735;37.0 -133.71800231933594
736;-3.0 -157.75799560546875
737;13.0 -170.7790069580078
738;64.0 -133.71800231933594
739;-25.0 -171.781005859375
740;58.0 -161.76400756835938
741;-17.0 -143.73500061035156
742;73.0 -124.7040023803711
743;64.0 -124.7040023803711
744;15.0 -144.73599243164062
745;-98.0 -125.70500183105469
746;-104.0 -114.68699645996094
747;-117.0 -117.69200134277344
748;-109.0 -120.6969985961914
749;-127.0 -118.69400024414062
750;-69.0 -145.73800659179688
751;-128.0 -107.6760025024414
752;-137.0 -104.6709976196289
753;-101.0 -91.64969635009766
754;-128.0 -93.65299987792969
755;-124.0 -84.63829803466797
756;-94.0 -110.68099975585938
757;-93.0 -101.66600036621094
758;-121.0 -126.70700073242188
759;-109.0 -107.6760025024414
760;-115.0 -85.63990020751953
761;-58.0 -169.77699279785156
762;-118.0 -101.66600036621094
763;-173.0 -16.527000427246094
764;-110.0 -94.65470123291016
765;-119.0 -108.6780014038086
766;-111.0 -75.62359619140625
767;-138.0 -10.517200469970703
768;-161.0 -25.54170036315918
769;-155.0 -9.515549659729004
770;-167.0 -32.553199768066406
771;-146.0 -39.56460189819336
772;-124.0 -53.58760070800781
773;-134.0 -1.5024499893188477
774;-148.0 -85.63990020751953
775;-146.0 -24.54010009765625
776;-151.0 -30.54990005493164
777;-141.0 -70.61540222167969
778;-154.0 -68.61209869384766
779;-164.0 -7.512269973754883
780;-146.0 -5.508999824523926
781;-177.0 -32.553199768066406
782;-175.0 -25.54170036315918
783;-131.0 -61.60070037841797
784;-150.0 4.507359981536865
785;-143.0 -92.65139770507812
786;-136.0 -86.6416015625
787;-171.0 -6.5106401443481445
788;-170.0 2.5040900707244873
789;-153.0 -46.57609939575195
790;-132.0 -56.592498779296875
791;-143.0 -16.527000427246094
792;-157.0 -37.5614013671875
793;-145.0 -32.553199768066406
794;-156.0 -61.60070037841797
795;-139.0 -78.62850189208984
796;-132.0 -36.55970001220703
797;-170.0 -46.57609939575195
798;-166.0 -39.56460189819336
799;-130.0 -77.62680053710938
800;-134.0 -46.57609939575195
801;-151.0 -70.61540222167969
802;-165.0 -14.523699760437012
803;-155.0 -20.533599853515625
804;-135.0 -45.574501037597656
805;-145.0 -56.592498779296875
806;-131.0 -69.61370086669922
807;-153.0 -1.5024499893188477
808;-152.0 -78.62850189208984
809;-135.0 -21.535200119018555
810;-122.0 -70.61540222167969
811;-141.0 -60.5989990234375
812;-161.0 0.5008180141448975
813;-137.0 -33.5547981262207
814;-121.0 -62.602298736572266
815;-164.0 7.512269973754883
816;-127.0 -43.57120132446289
817;-146.0 -50.58259963989258
818;-162.0 -48.57939910888672
819;-165.0 -58.595699310302734
820;-114.0 -146.74000549316406
821;-119.0 -94.65470123291016
822;-160.0 14.523699760437012
823;-153.0 12.520500183105469
824;-101.0 -102.66799926757812
825;-30.0 127.70899963378906
826;-94.0 205.83599853515625
827;12.0 213.8489990234375
828;-31.0 182.7989959716797
829;-24.0 214.8509979248047
830;-101.0 182.7989959716797
831;-41.0 214.8509979248047
832;-115.0 158.75900268554688
833;3.0 160.76300048828125
834;-87.0 211.8459930419922
835;180.0 99.66280364990234
836;186.0 93.65299987792969
837;195.0 63.60390090942383
838;200.0 36.55970001220703
839;197.0 54.58919906616211
840;187.0 65.6072006225586
841;224.0 -53.58760070800781
842;224.0 -69.61370086669922
843;210.0 -90.64810180664062
844;199.0 -112.68399810791016
845;179.0 -147.74099731445312
846;189.0 -132.7169952392578
847;196.0 -124.7040023803711
848;224.0 -62.602298736572266
849;195.0 72.61869812011719
850;221.0 -93.65299987792969
851;182.0 -140.72999572753906
852;218.0 -82.63500213623047
853;211.0 94.65470123291016
854;222.0 79.63009643554688
855;195.0 114.68699645996094
856;220.0 51.58430099487305
857;-121.0 136.72300720214844
858;-129.0 128.7100067138672
859;-178.0 175.78700256347656
860;-186.0 174.78599548339844
861;-169.0 184.802001953125
862;-164.0 202.83099365234375
863;-188.0 165.77099609375
864;-177.0 183.8000030517578
865;-190.0 180.7949981689453
866;-197.0 168.7760009765625
867;-197.0 158.75900268554688
868;-178.0 191.81300354003906
869;-194.0 173.78399658203125
870;-174.0 200.8280029296875
871;-158.0 211.8459930419922
872;-168.0 199.82699584960938
873;-155.0 205.83599853515625
874;-181.0 192.81500244140625
875;-144.0 222.86399841308594
876;-202.0 161.76400756835938
877;40.0 249.9080047607422
878;-100.0 243.8990020751953
879;-34.0 262.92999267578125
880;-124.0 226.87100219726562
881;-142.0 214.8509979248047
882;11.0 257.9209899902344
883;-107.0 238.88999938964844
884;-135.0 226.87100219726562
885;31.0 246.9029998779297
886;-114.0 129.71200561523438
887;-35.0 226.87100219726562
888;-62.0 206.83799743652344
889;65.0 211.8459930419922
890;37.0 223.86599731445312
891;18.0 229.87600708007812
892;19.0 221.86300659179688
893;49.0 216.85400390625
894;6.0 192.81500244140625
895;22.0 151.7480010986328
896;-83.0 184.802001953125
897;-109.0 185.8040008544922
898;-107.0 172.78199768066406
899;124.0 202.83099365234375
900;110.0 214.8509979248047
901;68.0 238.88999938964844
902;82.0 229.87600708007812
903;134.0 194.8179931640625
904;158.0 172.78199768066406
905;140.0 198.8249969482422
906;177.0 156.75599670410156
907;173.0 149.7449951171875
908;-58.0 119.69599914550781
909;31.0 122.69999694824219
910;-78.0 129.71200561523438
911;18.0 165.77099609375
912;-34.0 110.68099975585938
913;28.0 118.69400024414062
914;48.0 118.69400024414062
915;107.0 223.86599731445312
916;96.0 221.86300659179688
917;102.0 216.85400390625
918;133.0 202.83099365234375
919;117.0 214.8509979248047
920;74.0 233.8820037841797
921;162.0 164.7689971923828
922;92.0 227.8719940185547
923;149.0 178.79200744628906
924;142.0 188.8090057373047
925;119.0 206.83799743652344
926;86.0 222.86399841308594
927;181.0 148.7429962158203
928;152.0 184.802001953125
929;169.0 159.76100158691406
930;148.0 191.81300354003906
931;165.0 172.78199768066406
932;170.0 165.77099609375
933;160.0 183.8000030517578
934;125.0 209.84300231933594
935;3.0 131.71499633789062
936;27.0 129.71200561523438
937;-25.0 157.75799560546875
938;53.0 147.74099731445312
939;-50.0 148.7429962158203
940;-18.0 171.781005859375
941;-54.0 113.68599700927734
942;46.0 161.76400756835938
943;31.0 135.7220001220703
944;75.0 133.71800231933594
945;-43.0 135.7220001220703
946;7.0 150.74600219726562
947;-59.0 132.7169952392578
948;-32.0 150.74600219726562
949;-58.0 174.78599548339844
950;-11.0 188.8090057373047
951;-201.0 98.66120147705078
952;-203.0 104.6709976196289
953;-212.0 82.63500213623047
954;-207.0 86.6416015625
955;-190.0 123.7020034790039
956;-210.0 96.65789794921875
957;-203.0 117.69200134277344
958;-198.0 111.68199920654297
959;-209.0 102.66799926757812
960;-207.0 110.68099975585938
961;-197.0 105.6729965209961
962;-211.0 90.64810180664062
963;-198.0 125.70500183105469
964;-190.0 129.71200561523438
965;-195.0 119.69599914550781
966;-204.0 92.65139770507812
967;180.0 118.69400024414062
968;73.0 40.56629943847656
969;59.0 -60.5989990234375
970;74.0 -54.58919906616211
971;86.0 19.53190040588379
972;59.0 -52.585899353027344
973;60.0 55.59080123901367
974;10.0 51.58430099487305
975;170.0 121.6989974975586
976;-117.0 -210.84500122070312
977;-67.0 -205.83599853515625
978;-55.0 -216.85400390625
979;-104.0 -203.83299255371094
980;67.0 -192.81500244140625
981;72.0 -189.80999755859375
982;-32.0 -198.8249969482422
983;80.0 -188.8090057373047
984;-174.0 -171.781005859375
985;-75.0 -213.8489990234375
986;-61.0 -206.83799743652344
987;-91.0 -204.8350067138672
988;-137.0 -191.81300354003906
989;-105.0 -194.8179931640625
990;-54.0 -216.85400390625
991;-108.0 -178.79200744628906
992;-105.0 -178.79200744628906
993;-170.0 -169.77699279785156
994;-89.0 -197.822998046875
995;-118.0 -178.79200744628906
996;-142.0 -173.78399658203125
997;-129.0 -180.7949981689453
998;74.0 -158.75900268554688
999;-34.0 -171.781005859375
1000;-118.0 -190.81199645996094
1001;-99.0 -210.84500122070312
1002;-79.0 -200.8280029296875
1003;-93.0 -183.8000030517578
1004;-132.0 -111.68199920654297
1005;-58.0 -197.822998046875
1006;72.0 -200.8280029296875
1007;-18.0 -208.84100341796875
1008;86.0 -181.7969970703125
1009;88.0 -191.81300354003906
1010;-72.0 -192.81500244140625
1011;-66.0 -214.8509979248047
1012;-8.0 -199.82699584960938
1013;97.0 -178.79200744628906
1014;7.0 -200.8280029296875
1015;47.0 -201.8300018310547
1016;13.0 -212.84800720214844
1017;-52.0 -193.81700134277344
1018;-33.0 -216.85400390625
1019;79.0 -199.82699584960938
1020;-26.0 -212.84800720214844
1021;-1.0 -208.84100341796875
1022;-1.0 -200.8280029296875
1023;26.0 -211.8459930419922
1024;30.0 -202.83099365234375
1025;16.0 -202.83099365234375
1026;64.0 -204.8350067138672
1027;-18.0 -213.8489990234375
1028;5.0 -204.8350067138672
1029;69.0 -207.83999633789062
1030;-19.0 -197.822998046875
1031;38.0 -211.8459930419922
1032;56.0 -210.84500122070312
1033;-8.0 -219.85899353027344
1034;49.0 -208.84100341796875
1035;32.0 -210.84500122070312
1036;105.0 -8.513910293579102
1037;204.0 -28.546600341796875
1038;220.0 -99.66280364990234
1039;116.0 -156.75599670410156
1040;92.0 -182.7989959716797
1041;112.0 -171.781005859375
1042;102.0 -184.802001953125
1043;110.0 -179.79400634765625
1044;124.0 -160.76300048828125
1045;60.0 -194.8179931640625
1046;98.0 -171.781005859375
1047;39.0 -204.8350067138672
1048;119.0 -167.7740020751953
1049;94.0 -191.81300354003906
1050;110.0 -161.76400756835938
1051;74.0 -134.72000122070312
1052;104.0 -168.7760009765625
1053;19.0 -152.75
1054;64.0 -162.76600646972656
1055;-83.0 -204.8350067138672
1056;-159.0 -188.8090057373047
1057;-130.0 -206.83799743652344
1058;-132.0 -166.77200317382812
1059;-147.0 -159.76100158691406
1060;-196.0 -152.75
1061;-169.0 -163.76800537109375
1062;-175.0 -137.72500610351562
1063;-165.0 -147.74099731445312
1064;-125.0 -162.76600646972656
1065;-224.0 -123.7020034790039
1066;-158.0 -163.76800537109375
1067;-160.0 -155.7550048828125
1068;-132.0 -156.75599670410156
1069;-174.0 -153.75100708007812
1070;-237.0 -106.67400360107422
1071;-239.0 19.53190040588379
1072;-180.0 -93.65299987792969
1073;-156.0 -179.79400634765625
1074;-175.0 -153.75100708007812
1075;-221.0 -20.533599853515625
1076;-147.0 -164.7689971923828
1077;-80.0 -143.73500061035156
1078;-188.0 -80.63179779052734
1079;-154.0 -155.7550048828125
1080;-143.0 -145.73800659179688
1081;-151.0 -151.7480010986328
1082;-149.0 -135.7220001220703
1083;-138.0 -152.75
1084;-88.0 -131.71499633789062
1085;-217.0 -123.7020034790039
1086;-224.0 50.58259963989258
1087;-244.0 -42.56959915161133
1088;-182.0 -150.74600219726562
1089;-188.0 -145.73800659179688
1090;-156.0 -138.7270050048828
1091;-185.0 -159.76100158691406
1092;-199.0 31.551599502563477
1093;-219.0 33.5547981262207
1094;-230.0 -8.513910293579102
1095;-244.0 -74.62190246582031
1096;-119.0 -203.83299255371094
1097;-113.0 -192.81500244140625
1098;-197.0 -41.567901611328125
1099;-192.0 -122.69999694824219
1100;-166.0 -117.69200134277344
1101;-203.0 -95.65630340576172
1102;-165.0 -128.7100067138672
1103;-163.0 -106.67400360107422
1104;-199.0 -16.527000427246094
1105;-221.0 41.567901611328125
1106;-194.0 32.553199768066406
1107;-235.0 27.545000076293945
1108;-201.0 -113.68599700927734
1109;-249.0 -28.546600341796875
1110;-233.0 -74.62190246582031
1111;-250.0 -56.592498779296875
1112;-229.0 13.522100448608398
1113;-234.0 -12.520500183105469
1114;-216.0 -15.525400161743164
1115;-198.0 4.507359981536865
1116;-235.0 -25.54170036315918
1117;-244.0 -29.54829978942871
1118;-242.0 24.54010009765625
1119;-209.0 -85.63990020751953
1120;-227.0 -5.508999824523926
1121;-233.0 25.54170036315918
1122;-215.0 -5.508999824523926
1123;-244.0 -80.63179779052734
1124;-205.0 -4.507359981536865
1125;-221.0 -32.553199768066406
1126;-198.0 -61.60070037841797
1127;-241.0 -69.61370086669922
1128;-207.0 1.5024499893188477
1129;-202.0 20.533599853515625
1130;-221.0 26.543399810791016
1131;-236.0 -34.55649948120117
1132;-234.0 -57.59410095214844
1133;-220.0 -95.65630340576172
1134;-220.0 13.522100448608398
1135;-207.0 -62.602298736572266
1136;-201.0 -71.61699676513672
1137;-242.0 -24.54010009765625
1138;-254.0 -21.535200119018555
1139;-232.0 -86.6416015625
1140;-214.0 18.53030014038086
1141;-200.0 12.520500183105469
1142;-228.0 -88.6447982788086
1143;-209.0 -49.58100128173828
1144;-230.0 -66.60880279541016
1145;-244.0 12.520500183105469
1146;-214.0 39.56460189819336
1147;-208.0 -11.518799781799316
1148;-197.0 -6.5106401443481445
1149;-192.0 -76.62519836425781
1150;-194.0 -96.65789794921875
1151;-240.0 -6.5106401443481445
1152;-224.0 -62.602298736572266
1153;-216.0 4.507359981536865
1154;-196.0 38.5629997253418
1155;-206.0 -35.558101654052734
1156;-206.0 38.5629997253418
1157;-231.0 -17.528600692749023
1158;-222.0 -58.595699310302734
1159;-190.0 -92.65139770507812
1160;-202.0 17.528600692749023
1161;-198.0 -110.68099975585938
1162;-251.0 -4.507359981536865
1163;-226.0 -6.5106401443481445
1164;-248.0 -49.58100128173828
1165;-247.0 -13.522100448608398
1166;-215.0 -53.58760070800781
1167;-207.0 -24.54010009765625
1168;-189.0 -114.68699645996094
1169;-234.0 -37.5614013671875
1170;-212.0 -33.5547981262207
1171;-216.0 -79.63009643554688
1172;-214.0 32.553199768066406
1173;-179.0 -78.62850189208984
1174;-235.0 -53.58760070800781
1175;-250.0 -37.5614013671875
1176;-232.0 -34.55649948120117
1177;-221.0 1.5024499893188477
1178;-221.0 -47.577701568603516
1179;-235.0 12.520500183105469
1180;-245.0 -60.5989990234375
1181;-192.0 14.523699760437012
1182;-234.0 2.5040900707244873
1183;-241.0 -19.53190040588379
1184;-230.0 39.56460189819336
1185;-187.0 -65.6072006225586
1186;-213.0 -124.7040023803711
1187;-197.0 -132.7169952392578
1188;-241.0 -85.63990020751953
1189;-213.0 -116.69100189208984
1190;-234.0 -97.65959930419922
1191;-251.0 -42.56959915161133
1192;-198.0 -120.6969985961914
1193;-173.0 -127.70899963378906
1194;-228.0 19.53190040588379
1195;-197.0 -31.551599502563477
1196;-154.0 -126.70700073242188
1197;-198.0 46.57609939575195
1198;-245.0 -55.59080123901367
1199;-239.0 -47.577701568603516
1200;-248.0 6.5106401443481445
1201;-204.0 -108.6780014038086
1202;-212.0 -105.6729965209961
1203;-187.0 -105.6729965209961
1204;-206.0 46.57609939575195
1205;-238.0 37.5614013671875
1206;-198.0 -52.585899353027344
1207;-238.0 -81.6333999633789
1208;-243.0 1.5024499893188477
1209;-183.0 -59.5974006652832
1210;-228.0 -108.6780014038086
1211;-214.0 48.57939910888672
1212;-219.0 -113.68599700927734
1213;-176.0 -100.66400146484375
1214;-177.0 -110.68099975585938
1215;-166.0 -133.71800231933594
1216;-186.0 -131.71499633789062
1217;-159.0 -117.69200134277344
1218;-222.0 -95.65630340576172
1219;-231.0 -42.56959915161133
1220;-175.0 -113.68599700927734
1221;-251.0 -6.5106401443481445
1222;-208.0 9.515549659729004
1223;-206.0 30.54990005493164
1224;-208.0 15.525400161743164
1225;-169.0 -88.6447982788086
1226;-226.0 -114.68699645996094
1227;-218.0 -64.60559844970703
1228;-228.0 32.553199768066406
1229;-186.0 -70.61540222167969
1230;-212.0 -42.56959915161133
1231;-189.0 -53.58760070800781
1232;-194.0 23.53849983215332
1233;-193.0 -108.6780014038086
1234;-220.0 -84.63829803466797
1235;-246.0 -67.6104965209961
1236;-237.0 6.5106401443481445
1237;-207.0 -133.71800231933594
1238;-212.0 -82.63500213623047
1239;-170.0 -102.66799926757812
1240;-232.0 -93.65299987792969
1241;-227.0 -31.551599502563477
1242;-181.0 -124.7040023803711
1243;-148.0 -125.70500183105469
1244;-170.0 -146.74000549316406
1245;-202.0 -145.73800659179688
1246;-103.0 228.87399291992188
1247;-9.0 218.85800170898438
1248;-92.0 177.7899932861328
1249;-19.0 222.86399841308594
1250;-103.0 193.81700134277344
1251;-93.0 195.82000732421875
1252;-73.0 219.85899353027344
1253;19.0 206.83799743652344
1254;-13.0 214.8509979248047
1255;-107.0 164.7689971923828
1256;-76.0 187.8070068359375
1257;-75.0 207.83999633789062
1258;-114.0 220.86099243164062
1259;-32.0 214.8509979248047
1260;0.0 218.85800170898438
1261;-85.0 202.83099365234375
1262;5.0 210.84500122070312
1263;-29.0 225.86900329589844
1264;-47.0 206.83799743652344
1265;-93.0 185.8040008544922
1266;-58.0 213.8489990234375
1267;-99.0 170.7790069580078
1268;150.0 -35.558101654052734
1269;245.0 27.545000076293945
1270;240.0 42.56959915161133
1271;229.0 92.65139770507812
1272;230.0 51.58430099487305
1273;236.0 72.61869812011719
1274;238.0 60.5989990234375
1275;218.0 89.64649963378906
1276;224.0 97.65959930419922
1277;229.0 61.60070037841797
1278;222.0 69.61370086669922
1279;240.0 51.58430099487305
1280;245.0 8.513910293579102
1281;239.0 34.55649948120117
1282;238.0 87.64320373535156
1283;208.0 108.6780014038086
1284;230.0 84.63829803466797
1285;231.0 98.66120147705078
1286;240.0 14.523699760437012
1287;216.0 115.68900299072266
1288;243.0 67.6104965209961
1289;209.0 120.6969985961914
1290;221.0 -161.76400756835938
1291;230.0 -144.73599243164062
1292;222.0 -153.75100708007812
1293;259.0 -105.6729965209961
1294;229.0 -153.75100708007812
1295;202.0 12.520500183105469
1296;181.0 -86.6416015625
1297;254.0 -95.65630340576172
1298;233.0 -6.5106401443481445
1299;259.0 -86.6416015625
1300;248.0 -127.70899963378906
1301;251.0 -120.6969985961914
1302;235.0 -146.74000549316406
1303;236.0 5.508999824523926
1304;222.0 111.68199920654297
1305;248.0 36.55970001220703
1306;245.0 48.57939910888672
1307;217.0 103.66899871826172
1308;245.0 56.592498779296875
1309;240.0 78.62850189208984
1310;226.0 106.67400360107422
1311;245.0 -8.513910293579102
1312;254.0 -101.66600036621094
1313;272.0 61.60070037841797
1314;-134.0 173.78399658203125
1315;-147.0 158.75900268554688
1316;-130.0 183.8000030517578
1317;-106.0 200.8280029296875
1318;-163.0 135.7220001220703
1319;-119.0 194.8179931640625
1320;-157.0 144.73599243164062
1321;-134.0 161.76400756835938
1322;-125.0 219.85899353027344
1323;49.0 243.8990020751953
1324;-2.0 262.92999267578125
1325;-76.0 245.90199279785156
1326;-45.0 258.9230041503906
1327;26.0 255.91799926757812
1328;-73.0 250.91000366210938
1329;-23.0 255.91799926757812
1330;4.0 258.9230041503906
1331;-85.0 241.89500427246094
1332;-65.0 249.9080047607422
1333;-14.0 260.9259948730469
1334;-84.0 249.9080047607422
1335;-52.0 251.91200256347656
1336;-5.0 254.91700744628906
1337;58.0 236.88699340820312
1338;50.0 240.8939971923828
1339;18.0 251.91200256347656
1340;-61.0 258.9230041503906
1341;2.0 234.88400268554688
1342;-81.0 214.8509979248047
1343;-68.0 213.8489990234375
1344;-46.0 224.86700439453125
1345;-3.0 209.84300231933594
1346;-60.0 196.82200622558594
1347;-58.0 225.86900329589844
1348;-24.0 207.83999633789062
1349;-38.0 203.83299255371094
1350;76.0 201.8300018310547
1351;33.0 219.85899353027344
1352;69.0 202.83099365234375
1353;-69.0 198.8249969482422
1354;84.0 185.8040008544922
1355;27.0 225.86900329589844
1356;58.0 206.83799743652344
1357;76.0 188.8090057373047
1358;-63.0 222.86399841308594
1359;33.0 208.84100341796875
1360;34.0 211.8459930419922
1361;47.0 210.84500122070312
1362;-25.0 233.8820037841797
1363;38.0 286.968994140625
1364;21.0 280.9590148925781
1365;116.0 247.90499877929688
1366;71.0 264.9330139160156
1367;108.0 252.91299438476562
1368;137.0 234.88400268554688
1369;187.0 186.80499267578125
1370;49.0 280.9590148925781
1371;123.0 242.89700317382812
1372;56.0 272.9460144042969
1373;211.0 161.76400756835938
1374;214.0 155.7550048828125
1375;16.0 148.7429962158203
1376;-40.0 128.7100067138672
1377;5.0 121.6989974975586
1378;-38.0 173.78399658203125
1379;-28.0 108.6780014038086
1380;29.0 141.73199462890625
1381;-14.0 122.69999694824219
1382;-67.0 139.72799682617188
1383;-5.0 134.72000122070312
1384;40.0 166.77200317382812
1385;-13.0 143.73500061035156
1386;-70.0 152.75
1387;26.0 154.7530059814453
1388;16.0 118.69400024414062
1389;10.0 133.71800231933594
1390;-82.0 143.73500061035156
1391;-73.0 164.7689971923828
1392;-78.0 123.7020034790039
1393;36.0 157.75799560546875
1394;-11.0 177.7899932861328
1395;47.0 136.72300720214844
1396;-55.0 160.76300048828125
1397;171.0 204.8350067138672
1398;75.0 263.9309997558594
1399;32.0 279.9570007324219
1400;64.0 266.9360046386719
1401;129.0 239.89199829101562
1402;184.0 194.8179931640625
1403;164.0 211.8459930419922
1404;38.0 274.9490051269531
1405;97.0 255.91799926757812
1406;194.0 181.7969970703125
1407;203.0 171.781005859375
1408;196.0 173.78399658203125
1409;204.0 165.77099609375
1410;177.0 197.822998046875
1411;150.0 224.86700439453125
1412;144.0 229.87600708007812
1413;156.0 220.86099243164062
1414;44.0 116.69100189208984
1415;-68.0 140.72999572753906
1416;-5.0 184.802001953125
1417;-24.0 120.6969985961914
1418;-16.0 111.68199920654297
1419;-73.0 145.73800659179688
1420;19.0 136.72300720214844
1421;40.0 123.7020034790039
1422;-29.0 145.73800659179688
1423;10.0 169.77699279785156
1424;-61.0 108.6780014038086
1425;-36.0 160.76300048828125
1426;9.0 121.6989974975586
1427;-53.0 139.72799682617188
1428;49.0 147.74099731445312
1429;-9.0 154.7530059814453
1430;-54.0 105.6729965209961
1431;-68.0 105.6729965209961
1432;43.0 130.71400451660156
1433;23.0 163.76800537109375
1434;-49.0 171.781005859375
1435;11.0 157.75799560546875
1436;-88.0 152.75
1437;-37.0 119.69599914550781
1438;33.0 145.73800659179688
1439;48.0 124.7040023803711
1440;-41.0 109.67900085449219
1441;-88.0 132.7169952392578
1442;-73.0 111.68199920654297
1443;-69.0 119.69599914550781
1444;-21.0 162.76600646972656
1445;-3.0 172.78199768066406
1446;-21.0 180.7949981689453
1447;20.0 179.79400634765625
1448;-37.0 145.73800659179688
1449;43.0 139.72799682617188
1450;-46.0 108.6780014038086
1451;-24.0 117.69200134277344
1452;-49.0 106.67400360107422
1453;19.0 127.70899963378906
1454;-44.0 155.7550048828125
1455;-30.0 113.68599700927734
1456;-79.0 114.68699645996094
1457;7.0 183.8000030517578
1458;25.0 166.77200317382812
1459;1.0 115.68900299072266
1460;-4.0 161.76400756835938
1461;-66.0 176.78900146484375
1462;-41.0 180.7949981689453
1463;-6.0 117.69200134277344
1464;-79.0 157.75799560546875
1465;-32.0 169.77699279785156
1466;-27.0 172.78199768066406
1467;-20.0 150.74600219726562
1468;8.0 141.73199462890625
1469;26.0 175.78700256347656
1470;-25.0 187.8070068359375
1471;-68.0 156.75599670410156
1472;19.0 142.73300170898438
1473;-237.0 123.7020034790039
1474;-20.0 -204.8350067138672
1475;23.0 -201.8300018310547
1476;-41.0 -198.8249969482422
1477;39.0 -197.822998046875
1478;53.0 -198.8249969482422
1479;-49.0 -208.84100341796875
1480;-76.0 -240.8939971923828
1481;-123.0 -233.8820037841797
1482;-114.0 -237.88900756835938
1483;-60.0 -239.89199829101562
1484;-100.0 -237.88900756835938
1485;-108.0 -238.88999938964844
1486;-69.0 -244.89999389648438
1487;75.0 -234.88400268554688
1488;34.0 -238.88999938964844
1489;81.0 -232.88099670410156
1490;-1.0 -245.90199279785156
1491;-30.0 -238.88999938964844
1492;15.0 -240.8939971923828
1493;41.0 -241.89500427246094
1494;-15.0 -246.9029998779297
1495;-8.0 -241.89500427246094
1496;31.0 -243.8990020751953
1497;53.0 -241.89500427246094
1498;-19.0 -241.89500427246094
1499;-27.0 -245.90199279785156
1500;-35.0 -243.8990020751953
1501;-48.0 -240.8939971923828
1502;16.0 -245.90199279785156
1503;6.0 -242.89700317382812
1504;-57.0 -246.9029998779297
1505;62.0 -235.88499450683594
1506;-42.0 -246.9029998779297
1507;155.0 42.56959915161133
1508;142.0 -22.536800384521484
1509;142.0 -40.56629943847656
1510;128.0 -70.61540222167969
1511;137.0 -63.60390090942383
1512;133.0 -71.61699676513672
1513;145.0 -48.57939910888672
1514;146.0 -13.522100448608398
1515;154.0 20.533599853515625
1516;156.0 12.520500183105469
1517;239.0 -49.58100128173828
1518;239.0 -40.56629943847656
1519;201.0 -120.6969985961914
1520;114.0 -220.86099243164062
1521;139.0 -199.82699584960938
1522;132.0 -205.83599853515625
1523;154.0 -178.79200744628906
1524;29.0 -236.88699340820312
1525;105.0 -222.86399841308594
1526;144.0 -191.81300354003906
1527;136.0 -192.81500244140625
1528;118.0 -203.83299255371094
1529;130.0 -200.8280029296875
1530;109.0 -212.84800720214844
1531;151.0 -187.8070068359375
1532;126.0 -207.83999633789062
1533;5.0 -235.88499450683594
1534;146.0 -183.8000030517578
1535;98.0 -223.86599731445312
1536;50.0 -235.88499450683594
1537;121.0 -213.8489990234375
1538;-85.0 -157.75799560546875
1539;-254.0 -124.7040023803711
1540;-31.0 -204.8350067138672
1541;-245.0 -142.73300170898438
1542;-176.0 -229.87600708007812
1543;-64.0 -194.8179931640625
1544;-172.0 -221.86300659179688
1545;-41.0 -210.84500122070312
1546;-206.0 -199.82699584960938
1547;-186.0 -207.83999633789062
1548;-198.0 -194.8179931640625
1549;-127.0 -195.82000732421875
1550;-281.0 -42.56959915161133
1551;-280.0 -32.553199768066406
1552;-281.0 -60.5989990234375
1553;-236.0 -162.76600646972656
1554;-270.0 -100.66400146484375
1555;-233.0 -179.79400634765625
1556;-261.0 -124.7040023803711
1557;-196.0 -181.7969970703125
1558;-279.0 -83.63670349121094
1559;-218.0 -170.7790069580078
1560;-277.0 -90.64810180664062
1561;-202.0 -176.78900146484375
1562;-48.0 -199.82699584960938
1563;-278.0 -11.518799781799316
1564;-277.0 -72.61869812011719
1565;-269.0 24.54010009765625
1566;-274.0 10.517200469970703
1567;-188.0 -218.85800170898438
1568;-142.0 -179.79400634765625
1569;-111.0 -210.84500122070312
1570;-143.0 -176.78900146484375
1571;-149.0 -198.8249969482422
1572;-99.0 -201.8300018310547
1573;-141.0 -197.822998046875
1574;-189.0 -190.81199645996094
1575;-135.0 -186.80499267578125
1576;-152.0 -188.8090057373047
1577;-96.0 -189.80999755859375
1578;-83.0 -190.81199645996094
1579;-157.0 -183.8000030517578
1580;-134.0 -204.8350067138672
1581;-90.0 -213.8489990234375
1582;-278.0 -19.53190040588379
1583;-276.0 -62.602298736572266
1584;-276.0 0.5008180141448975
1585;-280.0 -48.57939910888672
1586;-171.0 229.87600708007812
1587;-45.0 252.91299438476562
1588;-140.0 203.83299255371094
1589;-94.0 235.88499450683594
1590;-33.0 252.91299438476562
1591;204.0 -15.525400161743164
1592;191.0 -61.60070037841797
1593;196.0 -12.520500183105469
1594;202.0 -36.55970001220703
1595;202.0 -5.508999824523926
1596;192.0 -27.545000076293945
1597;232.0 -53.58760070800781
1598;215.0 -106.67400360107422
1599;218.0 -74.62190246582031
1600;222.0 -85.63990020751953
1601;210.0 -99.66280364990234
1602;229.0 -86.6416015625
1603;192.0 -139.72799682617188
1604;238.0 -29.54829978942871
1605;276.0 -132.7169952392578
1606;281.0 -8.513910293579102
1607;270.0 71.61699676513672
1608;267.0 81.6333999633789
1609;276.0 52.585899353027344
1610;239.0 -0.5008180141448975
1611;255.0 112.68399810791016
1612;263.0 91.64969635009766
1613;260.0 101.66600036621094
1614;305.0 -28.546600341796875
1615;305.0 -17.528600692749023
1616;304.0 -40.56629943847656
1617;299.0 -61.60070037841797
1618;306.0 21.535200119018555
1619;291.0 84.63829803466797
1620;306.0 10.517200469970703
1621;294.0 73.62030029296875
1622;305.0 32.553199768066406
1623;298.0 63.60390090942383
1624;287.0 97.65959930419922
1625;299.0 53.58760070800781
1626;280.0 110.68099975585938
1627;-155.0 213.8489990234375
1628;-167.0 208.84100341796875
1629;-187.0 185.8040008544922
1630;-163.0 190.81199645996094
1631;-122.0 234.88400268554688
1632;-113.0 263.9309997558594
1633;-72.0 278.95599365234375
1634;-30.0 288.97198486328125
1635;-92.0 270.9429931640625
1636;-119.0 265.93499755859375
1637;-63.0 279.9570007324219
1638;-36.0 292.97900390625
1639;-92.0 272.9460144042969
1640;-138.0 249.9080047607422
1641;-13.0 285.9670104980469
1642;-57.0 288.97198486328125
1643;-11.0 291.97698974609375
1644;-119.0 260.9259948730469
1645;19.0 287.97100830078125
1646;-51.0 280.9590148925781
1647;-152.0 243.8990020751953
1648;-108.0 269.9410095214844
1649;-22.0 293.9800109863281
1650;-104.0 278.95599365234375
1651;0.0 283.9639892578125
1652;-142.0 245.90199279785156
1653;-89.0 280.9590148925781
1654;-18.0 284.96600341796875
1655;-132.0 253.9149932861328
1656;-35.0 284.96600341796875
1657;-160.0 235.88499450683594
1658;64.0 274.9490051269531
1659;98.0 247.90499877929688
1660;88.0 254.91700744628906
1661;-68.0 288.97198486328125
1662;-78.0 277.9540100097656
1663;8.0 286.968994140625
1664;84.0 261.9280090332031
1665;2.0 294.98199462890625
1666;48.0 271.9440002441406
1667;-126.0 260.9259948730469
1668;-101.0 268.9389953613281
1669;-47.0 289.9739990234375
1670;-112.0 231.87899780273438
1671;-130.0 212.84800720214844
1672;242.0 170.7790069580078
1673;236.0 178.79200744628906
1674;246.0 164.7689971923828
1675;200.0 216.85400390625
1676;235.0 186.80499267578125
1677;222.0 198.8249969482422
1678;146.0 273.947998046875
1679;190.0 238.88999938964844
1680;74.0 298.989013671875
1681;174.0 246.9029998779297
1682;198.0 227.8719940185547
1683;91.0 289.9739990234375
1684;229.0 195.82000732421875
1685;209.0 226.87100219726562
1686;166.0 248.90699768066406
1687;230.0 180.7949981689453
1688;224.0 191.81300354003906
1689;84.0 293.9800109863281
1690;186.0 234.88400268554688
1691;211.0 201.8300018310547
1692;182.0 251.91200256347656
1693;111.0 282.9620056152344
1694;218.0 209.84300231933594
1695;77.0 300.99200439453125
1696;134.0 278.95599365234375
1697;103.0 290.9750061035156
1698;113.0 290.9750061035156
1699;174.0 257.9209899902344
1700;60.0 297.98699951171875
1701;217.0 197.822998046875
1702;155.0 261.9280090332031
1703;180.0 237.88900756835938
1704;134.0 269.9410095214844
1705;163.0 262.92999267578125
1706;126.0 283.9639892578125
1707;90.0 298.989013671875
1708;54.0 306.0
1709;193.0 222.86399841308594
1710;192.0 241.89500427246094
1711;156.0 255.91799926757812
1712;71.0 302.9949951171875
1713;139.0 277.9540100097656
1714;144.0 266.9360046386719
1715;118.0 276.9530029296875
1716;193.0 230.8769989013672
1717;142.0 261.9280090332031
1718;109.0 279.9570007324219
1719;177.0 243.8990020751953
1720;97.0 284.96600341796875
1721;204.0 219.85899353027344
1722;120.0 285.9670104980469
1723;97.0 294.98199462890625
1724;210.0 214.8509979248047
1725;163.0 255.91799926757812
1726;204.0 206.83799743652344
1727;156.0 267.93798828125
1728;127.0 274.9490051269531
1729;-93.0 -239.89199829101562
1730;89.0 -226.87100219726562
1731;-132.0 -230.8769989013672
1732;-142.0 -233.8820037841797
1733;-86.0 -241.89500427246094
1734;-159.0 -215.85299682617188
1735;-159.0 -227.8719940185547
1736;-146.0 -227.8719940185547
1737;-78.0 -273.947998046875
1738;58.0 -295.9840087890625
1739;-39.0 -302.9949951171875
1740;-47.0 -282.9620056152344
1741;98.0 -280.9590148925781
1742;-34.0 -294.98199462890625
1743;104.0 -253.9149932861328
1744;84.0 -287.97100830078125
1745;99.0 -273.947998046875
1746;-105.0 -278.95599365234375
1747;75.0 -294.98199462890625
1748;37.0 -299.989990234375
1749;-32.0 -262.92999267578125
1750;99.0 -262.92999267578125
1751;97.0 -284.96600341796875
1752;82.0 -262.92999267578125
1753;112.0 -275.95098876953125
1754;75.0 -263.9309997558594
1755;107.0 -261.9280090332031
1756;34.0 -291.97698974609375
1757;124.0 -244.89999389648438
1758;64.0 -272.9460144042969
1759;105.0 -282.9620056152344
1760;-5.0 -282.9620056152344
1761;123.0 -265.93499755859375
1762;110.0 -270.9429931640625
1763;117.0 -262.92999267578125
1764;118.0 -272.9460144042969
1765;1.0 -278.95599365234375
1766;119.0 -253.9149932861328
1767;113.0 -249.9080047607422
1768;-105.0 -270.9429931640625
1769;-19.0 -286.968994140625
1770;-7.0 -273.947998046875
1771;-151.0 -265.93499755859375
1772;-121.0 -271.9440002441406
1773;29.0 -298.989013671875
1774;-147.0 -258.9230041503906
1775;-97.0 -281.96099853515625
1776;-60.0 -300.99200439453125
1777;-90.0 -277.9540100097656
1778;0.0 -270.9429931640625
1779;-140.0 -257.9209899902344
1780;-52.0 -268.9389953613281
1781;89.0 -270.9429931640625
1782;46.0 -269.9410095214844
1783;-73.0 -291.97698974609375
1784;10.0 -284.96600341796875
1785;-18.0 -272.9460144042969
1786;91.0 -257.9209899902344
1787;86.0 -274.9490051269531
1788;-121.0 -282.9620056152344
1789;-84.0 -288.97198486328125
1790;-91.0 -268.9389953613281
1791;85.0 -258.9230041503906
1792;38.0 -281.96099853515625
1793;2.0 -300.99200439453125
1794;29.0 -275.95098876953125
1795;67.0 -285.9670104980469
1796;-49.0 -297.98699951171875
1797;2.0 -291.97698974609375
1798;14.0 -306.0
1799;-29.0 -303.99700927734375
1800;-57.0 -281.96099853515625
1801;57.0 -283.9639892578125
1802;78.0 -278.95599365234375
1803;50.0 -267.93798828125
1804;19.0 -275.95098876953125
1805;74.0 -286.968994140625
1806;54.0 -301.9930114746094
1807;45.0 -298.989013671875
1808;-29.0 -286.968994140625
1809;20.0 -294.98199462890625
1810;64.0 -263.9309997558594
1811;12.0 -296.9849853515625
1812;71.0 -271.9440002441406
1813;50.0 -287.97100830078125
1814;57.0 -269.9410095214844
1815;-10.0 -303.99700927734375
1816;39.0 -272.9460144042969
1817;22.0 -283.9639892578125
1818;-16.0 -299.989990234375
1819;-30.0 -273.947998046875
1820;-26.0 -296.9849853515625
1821;-30.0 -271.9440002441406
1822;49.0 -282.9620056152344
1823;63.0 -281.96099853515625
1824;42.0 -284.96600341796875
1825;-45.0 -289.9739990234375
1826;15.0 -270.9429931640625
1827;-79.0 -299.989990234375
1828;-39.0 -275.95098876953125
1829;-79.0 -283.9639892578125
1830;-79.0 -271.9440002441406
1831;-5.0 -292.97900390625
1832;31.0 -279.9570007324219
1833;-109.0 -287.97100830078125
1834;31.0 -268.9389953613281
1835;-115.0 -271.9440002441406
1836;-59.0 -274.9490051269531
1837;-98.0 -293.9800109863281
1838;-115.0 -277.9540100097656
1839;-98.0 -272.9460144042969
1840;-143.0 -270.9429931640625
1841;-49.0 -274.9490051269531
1842;-135.0 -275.95098876953125
1843;-62.0 -289.9739990234375
1844;-154.0 -256.9200134277344
1845;7.0 -280.9590148925781
1846;-98.0 -265.93499755859375
1847;-88.0 -292.97900390625
1848;-113.0 -264.9330139160156
1849;8.0 -271.9440002441406
1850;-69.0 -295.9840087890625
1851;-99.0 -287.97100830078125
1852;-126.0 -280.9590148925781
1853;-14.0 -292.97900390625
1854;-69.0 -283.9639892578125
1855;-18.0 -281.96099853515625
1856;-130.0 -264.9330139160156
1857;-74.0 -272.9460144042969
1858;-124.0 -263.9309997558594
1859;-35.0 -287.97100830078125
1860;-132.0 -253.9149932861328
1861;-62.0 -291.97698974609375
1862;-135.0 -267.93798828125
1863;-67.0 -274.9490051269531
1864;174.0 89.64649963378906
1865;191.0 4.507359981536865
1866;183.0 26.543399810791016
1867;197.0 -50.58259963989258
1868;184.0 36.55970001220703
1869;180.0 47.577701568603516
1870;186.0 55.59080123901367
1871;175.0 65.6072006225586
1872;195.0 12.520500183105469
1873;189.0 -54.58919906616211
1874;184.0 -62.602298736572266
1875;203.0 5.508999824523926
1876;271.0 -35.558101654052734
1877;247.0 -112.68399810791016
1878;274.0 -12.520500183105469
1879;277.0 -41.567901611328125
1880;266.0 -65.6072006225586
1881;274.0 32.553199768066406
1882;274.0 -52.585899353027344
1883;264.0 -93.65299987792969
1884;282.0 2.5040900707244873
1885;263.0 -76.62519836425781
1886;280.0 -19.53190040588379
1887;275.0 -24.54010009765625
1888;267.0 -57.59410095214844
1889;275.0 -1.5024499893188477
1890;281.0 14.523699760437012
1891;276.0 6.5106401443481445
1892;243.0 -121.6989974975586
1893;238.0 -129.71200561523438
1894;279.0 -31.551599502563477
1895;266.0 -83.63670349121094
1896;270.0 -45.574501037597656
1897;273.0 18.53030014038086
1898;140.0 -244.89999389648438
1899;197.0 -187.8070068359375
1900;185.0 -193.81700134277344
1901;148.0 -258.9230041503906
1902;157.0 -232.88099670410156
1903;143.0 -254.91700744628906
1904;172.0 -235.88499450683594
1905;133.0 -239.89199829101562
1906;191.0 -211.8459930419922
1907;192.0 -203.83299255371094
1908;148.0 -245.90199279785156
1909;151.0 -225.86900329589844
1910;178.0 -208.84100341796875
1911;159.0 -220.86099243164062
1912;194.0 -195.82000732421875
1913;165.0 -215.85299682617188
1914;199.0 -196.82200622558594
1915;147.0 -233.8820037841797
1916;185.0 -215.85299682617188
1917;184.0 -203.83299255371094
1918;156.0 -239.89199829101562
1919;161.0 -245.90199279785156
1920;144.0 -239.89199829101562
1921;171.0 -211.8459930419922
1922;169.0 -222.86399841308594
1923;176.0 -218.85800170898438
1924;182.0 -222.86399841308594
1925;134.0 -255.91799926757812
1926;177.0 -228.87399291992188
1927;164.0 -228.87399291992188
1928;154.0 -250.91000366210938
1929;135.0 -267.93798828125
1930;167.0 -236.88699340820312
1931;177.0 -201.8300018310547
1932;130.0 -252.91299438476562
1933;-281.0 -109.67900085449219
1934;-221.0 -213.8489990234375
1935;-258.0 -167.7740020751953
1936;-247.0 -183.8000030517578
1937;-295.0 33.5547981262207
1938;-282.0 -117.69200134277344
1939;-300.0 17.528600692749023
1940;-306.0 -20.533599853515625
1941;-302.0 1.5024499893188477
1942;-182.0 -223.86599731445312
1943;-220.0 -179.79400634765625
1944;-240.0 -158.75900268554688
1945;-203.0 -188.8090057373047
1946;-211.0 -173.78399658203125
1947;-194.0 -211.8459930419922
1948;-167.0 -232.88099670410156
1949;-230.0 -151.7480010986328
1950;-217.0 -194.8179931640625
1951;-180.0 -213.8489990234375
1952;-235.0 -138.7270050048828
1953;-168.0 -210.84500122070312
1954;-227.0 -170.7790069580078
1955;-202.0 -205.83599853515625
1956;-192.0 -203.83299255371094
1957;-182.0 -196.82200622558594
1958;-221.0 -159.76100158691406
1959;-240.0 -148.7429962158203
1960;-159.0 -235.88499450683594
1961;-225.0 -151.7480010986328
1962;-153.0 -221.86300659179688
1963;-251.0 -139.72799682617188
1964;-210.0 -165.77099609375
1965;-176.0 -204.8350067138672
1966;-212.0 -184.802001953125
1967;-256.0 -116.69100189208984
1968;-245.0 -131.71499633789062
1969;245.0 0.5008180141448975
1970;245.0 18.53030014038086
1971;210.0 -111.68199920654297
1972;204.0 -104.6709976196289
1973;243.0 -21.535200119018555
1974;230.0 71.61699676513672
1975;197.0 -134.72000122070312
1976;209.0 -116.69100189208984
1977;233.0 -67.6104965209961
1978;230.0 -34.55649948120117
1979;238.0 21.535200119018555
1980;235.0 28.546600341796875
1981;234.0 -25.54170036315918
1982;230.0 -43.57120132446289
1983;240.0 -32.553199768066406
1984;232.0 13.522100448608398
1985;205.0 -126.70700073242188
1986;231.0 -76.62519836425781
1987;236.0 -60.5989990234375
1988;241.0 -12.520500183105469
1989;237.0 -138.7270050048828
1990;246.0 -136.72300720214844
1991;281.0 25.54170036315918
1992;255.0 -111.68199920654297
1993;268.0 -73.62030029296875
1994;271.0 -62.602298736572266
1995;275.0 40.56629943847656
1996;306.0 -2.5040900707244873
1997;304.0 -50.58259963989258
1998;290.0 -95.65630340576172
1999;295.0 -83.63670349121094
2000;303.0 42.56959915161133
2001;298.0 -70.61540222167969